,Name,Symbol,MainLink,HistoricalLink,GitHubLink
0,Bitcoin,BTC,https://coinmarketcap.com/currencies/bitcoin/,https://coinmarketcap.com/currencies/bitcoin/historical-data,github.com/bitcoin/bitcoin
1,Ethereum,ETH,https://coinmarketcap.com/currencies/ethereum/,https://coinmarketcap.com/currencies/ethereum/historical-data,github.com/ethereum/wiki/wiki/White-Paper
2,Tether USDt,USDT,https://coinmarketcap.com/currencies/tether/,https://coinmarketcap.com/currencies/tether/historical-data,
3,BNB,BNB,https://coinmarketcap.com/currencies/bnb/,https://coinmarketcap.com/currencies/bnb/historical-data,github.com/bnb-chain
4,XRP,XRP,https://coinmarketcap.com/currencies/xrp/,https://coinmarketcap.com/currencies/xrp/historical-data,github.com/ripple/rippled
5,USD Coin,USDC,https://coinmarketcap.com/currencies/usd-coin/,https://coinmarketcap.com/currencies/usd-coin/historical-data,github.com/centrehq/centre-tokens
6,Cardano,ADA,https://coinmarketcap.com/currencies/cardano/,https://coinmarketcap.com/currencies/cardano/historical-data,
7,Dogecoin,DOGE,https://coinmarketcap.com/currencies/dogecoin/,https://coinmarketcap.com/currencies/dogecoin/historical-data,github.com/dogecoin/dogecoin/blob/master/README.md
8,Solana,SOL,https://coinmarketcap.com/currencies/solana/,https://coinmarketcap.com/currencies/solana/historical-data,github.com/solana-labs
9,TRON,TRX,https://coinmarketcap.com/currencies/tron/,https://coinmarketcap.com/currencies/tron/historical-data,github.com/tronprotocol/java-tron
10,Polkadot,DOT,https://coinmarketcap.com/currencies/polkadot-new/,https://coinmarketcap.com/currencies/polkadot-new/historical-data,github.com/paritytech/polkadot
11,Dai,DAI,https://coinmarketcap.com/currencies/multi-collateral-dai/,https://coinmarketcap.com/currencies/multi-collateral-dai/historical-data,
12,Polygon,MATIC,https://coinmarketcap.com/currencies/polygon/,https://coinmarketcap.com/currencies/polygon/historical-data,github.com/maticnetwork/whitepaper/
13,Toncoin,TON,https://coinmarketcap.com/currencies/toncoin/,https://coinmarketcap.com/currencies/toncoin/historical-data,github.com/ton-blockchain
14,Litecoin,LTC,https://coinmarketcap.com/currencies/litecoin/,https://coinmarketcap.com/currencies/litecoin/historical-data,github.com/litecoin-project/litecoin
15,Shiba Inu,SHIB,https://coinmarketcap.com/currencies/shiba-inu/,https://coinmarketcap.com/currencies/shiba-inu/historical-data,github.com/certusone/wormhole-token-list/blob/main/content/by_source.csv
16,Wrapped Bitcoin,WBTC,https://coinmarketcap.com/currencies/wrapped-bitcoin/,https://coinmarketcap.com/currencies/wrapped-bitcoin/historical-data,github.com/WrappedBTC/bitcoin-token-smart-contracts
17,Bitcoin Cash,BCH,https://coinmarketcap.com/currencies/bitcoin-cash/,https://coinmarketcap.com/currencies/bitcoin-cash/historical-data,
18,UNUS SED LEO,LEO,https://coinmarketcap.com/currencies/unus-sed-leo/,https://coinmarketcap.com/currencies/unus-sed-leo/historical-data,
19,Avalanche,AVAX,https://coinmarketcap.com/currencies/avalanche/,https://coinmarketcap.com/currencies/avalanche/historical-data,github.com/ava-labs/avalanchego
20,Stellar,XLM,https://coinmarketcap.com/currencies/stellar/,https://coinmarketcap.com/currencies/stellar/historical-data,github.com/stellar/stellar-core
21,Chainlink,LINK,https://coinmarketcap.com/currencies/chainlink/,https://coinmarketcap.com/currencies/chainlink/historical-data,github.com/smartcontractkit/chainlink
22,Binance USD,BUSD,https://coinmarketcap.com/currencies/binance-usd/,https://coinmarketcap.com/currencies/binance-usd/historical-data,github.com/paxosglobal/busd-contract
23,TrueUSD,TUSD,https://coinmarketcap.com/currencies/trueusd/,https://coinmarketcap.com/currencies/trueusd/historical-data,github.com/trusttoken/smart-contracts
24,Uniswap,UNI,https://coinmarketcap.com/currencies/uniswap/,https://coinmarketcap.com/currencies/uniswap/historical-data,
25,Monero,XMR,https://coinmarketcap.com/currencies/monero/,https://coinmarketcap.com/currencies/monero/historical-data,github.com/monero-project/research-lab/blob/master/whitepaper/whitepaper.pdf
26,OKB,OKB,https://coinmarketcap.com/currencies/okb/,https://coinmarketcap.com/currencies/okb/historical-data,
27,Cosmos,ATOM,https://coinmarketcap.com/currencies/cosmos/,https://coinmarketcap.com/currencies/cosmos/historical-data,github.com/cosmos
28,Ethereum Classic,ETC,https://coinmarketcap.com/currencies/ethereum-classic/,https://coinmarketcap.com/currencies/ethereum-classic/historical-data,github.com/ethereumclassic/ethereumclassic.github.io
29,Hedera,HBAR,https://coinmarketcap.com/currencies/hedera/,https://coinmarketcap.com/currencies/hedera/historical-data,github.com/hashgraph
30,Internet Computer,ICP,https://coinmarketcap.com/currencies/internet-computer/,https://coinmarketcap.com/currencies/internet-computer/historical-data,github.com/dfinity/ic
31,Filecoin,FIL,https://coinmarketcap.com/currencies/filecoin/,https://coinmarketcap.com/currencies/filecoin/historical-data,github.com/filecoin-project/
32,Mantle,MNT,https://coinmarketcap.com/currencies/mantle/,https://coinmarketcap.com/currencies/mantle/historical-data,github.com/mantlenetworkio
33,Lido DAO,LDO,https://coinmarketcap.com/currencies/lido-dao/,https://coinmarketcap.com/currencies/lido-dao/historical-data,github.com/lidofinance/audits
34,Cronos,CRO,https://coinmarketcap.com/currencies/cronos/,https://coinmarketcap.com/currencies/cronos/historical-data,github.com/crypto-org-chain/chain-main
35,Aptos,APT,https://coinmarketcap.com/currencies/aptos/,https://coinmarketcap.com/currencies/aptos/historical-data,github.com/aptos-labs/aptos-core/blob/main/developer-docs-site/static/papers/whitepaper.pdf
36,Quant,QNT,https://coinmarketcap.com/currencies/quant/,https://coinmarketcap.com/currencies/quant/historical-data,github.com/quantnetwork/
37,Arbitrum,ARB,https://coinmarketcap.com/currencies/arbitrum/,https://coinmarketcap.com/currencies/arbitrum/historical-data,github.com/OffchainLabs
38,VeChain,VET,https://coinmarketcap.com/currencies/vechain/,https://coinmarketcap.com/currencies/vechain/historical-data,github.com/vechain
39,NEAR Protocol,NEAR,https://coinmarketcap.com/currencies/near-protocol/,https://coinmarketcap.com/currencies/near-protocol/historical-data,github.com/nearprotocol/nearcore
40,Optimism,OP,https://coinmarketcap.com/currencies/optimism-ethereum/,https://coinmarketcap.com/currencies/optimism-ethereum/historical-data,github.com/ethereum-optimism/
41,Maker,MKR,https://coinmarketcap.com/currencies/maker/,https://coinmarketcap.com/currencies/maker/historical-data,github.com/makerdao
42,Aave,AAVE,https://coinmarketcap.com/currencies/aave/,https://coinmarketcap.com/currencies/aave/historical-data,github.com/aave/aave-protocol/blob/master/docs/Aave_Protocol_Whitepaper_v1_0.pdf
43,The Graph,GRT,https://coinmarketcap.com/currencies/the-graph/,https://coinmarketcap.com/currencies/the-graph/historical-data,github.com/graphprotocol
44,Algorand,ALGO,https://coinmarketcap.com/currencies/algorand/,https://coinmarketcap.com/currencies/algorand/historical-data,github.com/algorand/go-algorand
45,XDC Network,XDC,https://coinmarketcap.com/currencies/xdc-network/,https://coinmarketcap.com/currencies/xdc-network/historical-data,github.com/xinfinorg
46,USDD,USDD,https://coinmarketcap.com/currencies/usdd/,https://coinmarketcap.com/currencies/usdd/historical-data,
47,Axie Infinity,AXS,https://coinmarketcap.com/currencies/axie-infinity/,https://coinmarketcap.com/currencies/axie-infinity/historical-data,
48,The Sandbox,SAND,https://coinmarketcap.com/currencies/the-sandbox/,https://coinmarketcap.com/currencies/the-sandbox/historical-data,
49,Tezos,XTZ,https://coinmarketcap.com/currencies/tezos/,https://coinmarketcap.com/currencies/tezos/historical-data,
50,Stacks,STX,https://coinmarketcap.com/currencies/stacks/,https://coinmarketcap.com/currencies/stacks/historical-data,github.com/stacks-network/stacks
51,MultiversX,EGLD,https://coinmarketcap.com/currencies/multiversx-egld/,https://coinmarketcap.com/currencies/multiversx-egld/historical-data,github.com/multiversx
52,EOS,EOS,https://coinmarketcap.com/currencies/eos/,https://coinmarketcap.com/currencies/eos/historical-data,github.com/AntelopeIO/leap
53,Theta Network,THETA,https://coinmarketcap.com/currencies/theta-network/,https://coinmarketcap.com/currencies/theta-network/historical-data,github.com/thetatoken
54,Immutable,IMX,https://coinmarketcap.com/currencies/immutable-x/,https://coinmarketcap.com/currencies/immutable-x/historical-data,
55,Injective,INJ,https://coinmarketcap.com/currencies/injective/,https://coinmarketcap.com/currencies/injective/historical-data,github.com/InjectiveLabs
56,Fantom,FTM,https://coinmarketcap.com/currencies/fantom/,https://coinmarketcap.com/currencies/fantom/historical-data,github.com/Fantom-Foundation
57,Bitcoin SV,BSV,https://coinmarketcap.com/currencies/bitcoin-sv/,https://coinmarketcap.com/currencies/bitcoin-sv/historical-data,github.com/bitcoin-sv/bitcoin-sv
58,Decentraland,MANA,https://coinmarketcap.com/currencies/decentraland/,https://coinmarketcap.com/currencies/decentraland/historical-data,github.com/decentraland/mana
59,Synthetix,SNX,https://coinmarketcap.com/currencies/synthetix/,https://coinmarketcap.com/currencies/synthetix/historical-data,
60,Render,RNDR,https://coinmarketcap.com/currencies/render/,https://coinmarketcap.com/currencies/render/historical-data,
61,ApeCoin,APE,https://coinmarketcap.com/currencies/apecoin-ape/,https://coinmarketcap.com/currencies/apecoin-ape/historical-data,github.com/chainsulting/Smart-Contract-Security-Audits/tree/master/ApeCoin
62,Pax Dollar,USDP,https://coinmarketcap.com/currencies/paxos-standard/,https://coinmarketcap.com/currencies/paxos-standard/historical-data,github.com/paxosglobal/pax-contracts
63,Neo,NEO,https://coinmarketcap.com/currencies/neo/,https://coinmarketcap.com/currencies/neo/historical-data,github.com/neo-project/neo
64,THORChain,RUNE,https://coinmarketcap.com/currencies/thorchain/,https://coinmarketcap.com/currencies/thorchain/historical-data,github.com/thorchain/Resources/tree/master/Whitepapers/THORChain/whitepaper-en.md
65,Kava,KAVA,https://coinmarketcap.com/currencies/kava/,https://coinmarketcap.com/currencies/kava/historical-data,github.com/kava-labs
66,PAX Gold,PAXG,https://coinmarketcap.com/currencies/pax-gold/,https://coinmarketcap.com/currencies/pax-gold/historical-data,github.com/paxosglobal/paxos-gold-contract
67,Tether Gold,XAUt,https://coinmarketcap.com/currencies/tether-gold/,https://coinmarketcap.com/currencies/tether-gold/historical-data,
68,eCash,XEC,https://coinmarketcap.com/currencies/ecash/,https://coinmarketcap.com/currencies/ecash/historical-data,github.com/bitcoin-abc
69,Flow,FLOW,https://coinmarketcap.com/currencies/flow/,https://coinmarketcap.com/currencies/flow/historical-data,github.com/onflow
70,Rocket Pool,RPL,https://coinmarketcap.com/currencies/rocket-pool/,https://coinmarketcap.com/currencies/rocket-pool/historical-data,github.com/rocket-pool/rocketpool
71,Chiliz,CHZ,https://coinmarketcap.com/currencies/chiliz/,https://coinmarketcap.com/currencies/chiliz/historical-data,
72,Gala,GALA,https://coinmarketcap.com/currencies/gala/,https://coinmarketcap.com/currencies/gala/historical-data,
73,Klaytn,KLAY,https://coinmarketcap.com/currencies/klaytn/,https://coinmarketcap.com/currencies/klaytn/historical-data,github.com/klaytn/klaytn
74,KuCoin Token,KCS,https://coinmarketcap.com/currencies/kucoin-token/,https://coinmarketcap.com/currencies/kucoin-token/historical-data,
75,Frax Share,FXS,https://coinmarketcap.com/currencies/frax-share/,https://coinmarketcap.com/currencies/frax-share/historical-data,github.com/fraxfinance
76,IOTA,MIOTA,https://coinmarketcap.com/currencies/iota/,https://coinmarketcap.com/currencies/iota/historical-data,github.com/iotaledger
77,Zcash,ZEC,https://coinmarketcap.com/currencies/zcash/,https://coinmarketcap.com/currencies/zcash/historical-data,github.com/zcash/zips/blob/master/protocol/protocol.pdf
78,Casper,CSPR,https://coinmarketcap.com/currencies/casper/,https://coinmarketcap.com/currencies/casper/historical-data,github.com/casper-network/
79,Sui,SUI,https://coinmarketcap.com/currencies/sui/,https://coinmarketcap.com/currencies/sui/historical-data,github.com/MystenLabs
80,Huobi Token,HT,https://coinmarketcap.com/currencies/huobi-token/,https://coinmarketcap.com/currencies/huobi-token/historical-data,
81,BitTorrent(New),BTT,https://coinmarketcap.com/currencies/bittorrent-new/,https://coinmarketcap.com/currencies/bittorrent-new/historical-data,github.com/bittorrent
82,Curve DAO Token,CRV,https://coinmarketcap.com/currencies/curve-dao-token/,https://coinmarketcap.com/currencies/curve-dao-token/historical-data,github.com/curvefi/curve-contract
83,Conflux,CFX,https://coinmarketcap.com/currencies/conflux-network/,https://coinmarketcap.com/currencies/conflux-network/historical-data,github.com/Conflux-Chain
84,Mina,MINA,https://coinmarketcap.com/currencies/mina/,https://coinmarketcap.com/currencies/mina/historical-data,github.com/MinaProtocol/mina
85,GateToken,GT,https://coinmarketcap.com/currencies/gatetoken/,https://coinmarketcap.com/currencies/gatetoken/historical-data,github.com/gatechain
86,Terra Classic,LUNC,https://coinmarketcap.com/currencies/terra-luna/,https://coinmarketcap.com/currencies/terra-luna/historical-data,github.com/terra-money/core
87,Trust Wallet Token,TWT,https://coinmarketcap.com/currencies/trust-wallet-token/,https://coinmarketcap.com/currencies/trust-wallet-token/historical-data,github.com/trustwallet
88,Pepe,PEPE,https://coinmarketcap.com/currencies/pepe/,https://coinmarketcap.com/currencies/pepe/historical-data,
89,dYdX,DYDX,https://coinmarketcap.com/currencies/dydx/,https://coinmarketcap.com/currencies/dydx/historical-data,github.com/dydxfoundation/
90,Compound,COMP,https://coinmarketcap.com/currencies/compound/,https://coinmarketcap.com/currencies/compound/historical-data,github.com/compound-finance/compound-protocol
91,Nexo,NEXO,https://coinmarketcap.com/currencies/nexo/,https://coinmarketcap.com/currencies/nexo/historical-data,github.com/nexofinance/NEXO-Token/
92,GMX,GMX,https://coinmarketcap.com/currencies/gmx/,https://coinmarketcap.com/currencies/gmx/historical-data,
93,Bone ShibaSwap,BONE,https://coinmarketcap.com/currencies/bone-shibaswap/,https://coinmarketcap.com/currencies/bone-shibaswap/historical-data,
94,APENFT,NFT,https://coinmarketcap.com/currencies/apenft/,https://coinmarketcap.com/currencies/apenft/historical-data,
95,WOO Network,WOO,https://coinmarketcap.com/currencies/wootrade/,https://coinmarketcap.com/currencies/wootrade/historical-data,
96,Gemini Dollar,GUSD,https://coinmarketcap.com/currencies/gemini-dollar/,https://coinmarketcap.com/currencies/gemini-dollar/historical-data,github.com/gemini/dollar
97,Flare,FLR,https://coinmarketcap.com/currencies/flare/,https://coinmarketcap.com/currencies/flare/historical-data,github.com/flare-foundation/
98,Astar,ASTR,https://coinmarketcap.com/currencies/astar/,https://coinmarketcap.com/currencies/astar/historical-data,github.com/AstarNetwork/Astar
99,Dash,DASH,https://coinmarketcap.com/currencies/dash/,https://coinmarketcap.com/currencies/dash/historical-data,github.com/dashpay/dash/wiki/Whitepaper
100,Akash Network,AKT,https://coinmarketcap.com/currencies/akash-network/,https://coinmarketcap.com/currencies/akash-network/historical-data,
101,PancakeSwap,CAKE,https://coinmarketcap.com/currencies/pancakeswap/,https://coinmarketcap.com/currencies/pancakeswap/historical-data,github.com/pancakeswap
102,MX TOKEN,MX,https://coinmarketcap.com/currencies/mx-token/,https://coinmarketcap.com/currencies/mx-token/historical-data,
103,Arweave,AR,https://coinmarketcap.com/currencies/arweave/,https://coinmarketcap.com/currencies/arweave/historical-data,github.com/ArweaveTeam/arweave
104,Zilliqa,ZIL,https://coinmarketcap.com/currencies/zilliqa/,https://coinmarketcap.com/currencies/zilliqa/historical-data,github.com/Zilliqa/Zilliqa
105,Oasis Network,ROSE,https://coinmarketcap.com/currencies/oasis-network/,https://coinmarketcap.com/currencies/oasis-network/historical-data,github.com/oasisprotocol/oasis-core
106,Gnosis,GNO,https://coinmarketcap.com/currencies/gnosis-gno/,https://coinmarketcap.com/currencies/gnosis-gno/historical-data,github.com/gnosis/research/blob/master/gnosis-whitepaper.pdf
107,Basic Attention Token,BAT,https://coinmarketcap.com/currencies/basic-attention-token/,https://coinmarketcap.com/currencies/basic-attention-token/historical-data,github.com/brave-intl/bat-ledger
108,SafePal,SFP,https://coinmarketcap.com/currencies/safepal/,https://coinmarketcap.com/currencies/safepal/historical-data,github.com/SafePalWallet
109,1inch Network,1INCH,https://coinmarketcap.com/currencies/1inch/,https://coinmarketcap.com/currencies/1inch/historical-data,github.com/1inch
110,Sei,SEI,https://coinmarketcap.com/currencies/sei/,https://coinmarketcap.com/currencies/sei/historical-data,github.com/sei-protocol
111,Chia,XCH,https://coinmarketcap.com/currencies/chia-network/,https://coinmarketcap.com/currencies/chia-network/historical-data,github.com/Chia-Network/chia-blockchain
112,Loopring,LRC,https://coinmarketcap.com/currencies/loopring/,https://coinmarketcap.com/currencies/loopring/historical-data,github.com/Loopring/protocols/blob/master/packages/loopring_v3/DESIGN.md
113,Enjin Coin,ENJ,https://coinmarketcap.com/currencies/enjin-coin/,https://coinmarketcap.com/currencies/enjin-coin/historical-data,github.com/EthereumCommonwealth/Auditing/issues/308#issuecomment-508447337
114,Helium,HNT,https://coinmarketcap.com/currencies/helium/,https://coinmarketcap.com/currencies/helium/historical-data,github.com/helium/
115,Qtum,QTUM,https://coinmarketcap.com/currencies/qtum/,https://coinmarketcap.com/currencies/qtum/historical-data,github.com/qtumproject/qtum/
116,Ethereum Name Service,ENS,https://coinmarketcap.com/currencies/ethereum-name-service/,https://coinmarketcap.com/currencies/ethereum-name-service/historical-data,github.com/ensdomains
117,NEM,XEM,https://coinmarketcap.com/currencies/nem/,https://coinmarketcap.com/currencies/nem/historical-data,github.com/NemProject/nis
118,Bitcoin Gold,BTG,https://coinmarketcap.com/currencies/bitcoin-gold/,https://coinmarketcap.com/currencies/bitcoin-gold/historical-data,github.com/BTCGPU/BTCGPU/wiki/Technical-Spec
119,SingularityNET,AGIX,https://coinmarketcap.com/currencies/singularitynet/,https://coinmarketcap.com/currencies/singularitynet/historical-data,github.com/singnet/
120,Convex Finance,CVX,https://coinmarketcap.com/currencies/convex-finance/,https://coinmarketcap.com/currencies/convex-finance/historical-data,github.com/convex-eth/platform
121,Mask Network,MASK,https://coinmarketcap.com/currencies/mask-network/,https://coinmarketcap.com/currencies/mask-network/historical-data,github.com/DimensionDev/Maskbook
122,Celo,CELO,https://coinmarketcap.com/currencies/celo/,https://coinmarketcap.com/currencies/celo/historical-data,github.com/celo-org
123,Theta Fuel,TFUEL,https://coinmarketcap.com/currencies/theta-fuel/,https://coinmarketcap.com/currencies/theta-fuel/historical-data,github.com/thetatoken/theta-protocol-ledger
124,Decred,DCR,https://coinmarketcap.com/currencies/decred/,https://coinmarketcap.com/currencies/decred/historical-data,github.com/decred/
125,Ankr,ANKR,https://coinmarketcap.com/currencies/ankr/,https://coinmarketcap.com/currencies/ankr/historical-data,github.com/Ankr-network
126,Ravencoin,RVN,https://coinmarketcap.com/currencies/ravencoin/,https://coinmarketcap.com/currencies/ravencoin/historical-data,github.com/RavenProject/Ravencoin
127,Osmosis,OSMO,https://coinmarketcap.com/currencies/osmosis/,https://coinmarketcap.com/currencies/osmosis/historical-data,github.com/osmosis-labs/osmosis
128,Ocean Protocol,OCEAN,https://coinmarketcap.com/currencies/ocean-protocol/,https://coinmarketcap.com/currencies/ocean-protocol/historical-data,github.com/oceanprotocol
129,yearn.finance,YFI,https://coinmarketcap.com/currencies/yearn-finance/,https://coinmarketcap.com/currencies/yearn-finance/historical-data,github.com/yearn/iearn-finance
130,Livepeer,LPT,https://coinmarketcap.com/currencies/livepeer/,https://coinmarketcap.com/currencies/livepeer/historical-data,github.com/livepeer/wiki/blob/master/WHITEPAPER.md#introduction-and-background
131,Holo,HOT,https://coinmarketcap.com/currencies/holo/,https://coinmarketcap.com/currencies/holo/historical-data,github.com/holochain/holochain-rust
132,JUST,JST,https://coinmarketcap.com/currencies/just/,https://coinmarketcap.com/currencies/just/historical-data,
133,STEPN,GMT,https://coinmarketcap.com/currencies/green-metaverse-token/,https://coinmarketcap.com/currencies/green-metaverse-token/historical-data,
134,Balancer,BAL,https://coinmarketcap.com/currencies/balancer/,https://coinmarketcap.com/currencies/balancer/historical-data,github.com/balancer-labs
135,aelf,ELF,https://coinmarketcap.com/currencies/aelf/,https://coinmarketcap.com/currencies/aelf/historical-data,github.com/aelfProject
136,Fetch.ai,FET,https://coinmarketcap.com/currencies/fetch/,https://coinmarketcap.com/currencies/fetch/historical-data,github.com/fetchai
137,Blur,BLUR,https://coinmarketcap.com/currencies/blur-token/,https://coinmarketcap.com/currencies/blur-token/historical-data,
138,Waves,WAVES,https://coinmarketcap.com/currencies/waves/,https://coinmarketcap.com/currencies/waves/historical-data,github.com/wavesplatform/
139,Golem,GLM,https://coinmarketcap.com/currencies/golem-network-tokens/,https://coinmarketcap.com/currencies/golem-network-tokens/historical-data,github.com/golemfactory/golem
140,Aragon,ANT,https://coinmarketcap.com/currencies/aragon/,https://coinmarketcap.com/currencies/aragon/historical-data,
141,Audius,AUDIO,https://coinmarketcap.com/currencies/audius/,https://coinmarketcap.com/currencies/audius/historical-data,
142,JasmyCoin,JASMY,https://coinmarketcap.com/currencies/jasmy/,https://coinmarketcap.com/currencies/jasmy/historical-data,
143,FLOKI,FLOKI,https://coinmarketcap.com/currencies/floki-inu/,https://coinmarketcap.com/currencies/floki-inu/historical-data,github.com/floki-inu
144,Threshold,T,https://coinmarketcap.com/currencies/threshold/,https://coinmarketcap.com/currencies/threshold/historical-data,github.com/threshold-network
145,ICON,ICX,https://coinmarketcap.com/currencies/icon/,https://coinmarketcap.com/currencies/icon/historical-data,github.com/icon-project
146,Kusama,KSM,https://coinmarketcap.com/currencies/kusama/,https://coinmarketcap.com/currencies/kusama/historical-data,github.com/kusamanetwork
147,Siacoin,SC,https://coinmarketcap.com/currencies/siacoin/,https://coinmarketcap.com/currencies/siacoin/historical-data,github.com/SiaFoundation
148,Worldcoin,WLD,https://coinmarketcap.com/currencies/worldcoin-org/,https://coinmarketcap.com/currencies/worldcoin-org/historical-data,github.com/worldcoin
149,Solar,SXP,https://coinmarketcap.com/currencies/sxp/,https://coinmarketcap.com/currencies/sxp/historical-data,github.com/Solar-network
150,Terra,LUNA,https://coinmarketcap.com/currencies/terra-luna-v2/,https://coinmarketcap.com/currencies/terra-luna-v2/historical-data,github.com/terra-money/core
151,Illuvium,ILV,https://coinmarketcap.com/currencies/illuvium/,https://coinmarketcap.com/currencies/illuvium/historical-data,
152,Hive,HIVE,https://coinmarketcap.com/currencies/hive-blockchain/,https://coinmarketcap.com/currencies/hive-blockchain/historical-data,github.com/openhive-network/hive
153,0x Protocol,ZRX,https://coinmarketcap.com/currencies/0x/,https://coinmarketcap.com/currencies/0x/historical-data,github.com/0xProject/protocol/
154,EthereumPoW,ETHW,https://coinmarketcap.com/currencies/ethereum-pow/,https://coinmarketcap.com/currencies/ethereum-pow/historical-data,github.com/ethereumpow
155,Ontology,ONT,https://coinmarketcap.com/currencies/ontology/,https://coinmarketcap.com/currencies/ontology/historical-data,github.com/ontio
156,ssv.network,SSV,https://coinmarketcap.com/currencies/ssv-network/,https://coinmarketcap.com/currencies/ssv-network/historical-data,github.com/bloxapp/ssv-web
157,Moonbeam,GLMR,https://coinmarketcap.com/currencies/moonbeam/,https://coinmarketcap.com/currencies/moonbeam/historical-data,github.com/PureStake/moonbeam
158,IOST,IOST,https://coinmarketcap.com/currencies/iostoken/,https://coinmarketcap.com/currencies/iostoken/historical-data,
159,Band Protocol,BAND,https://coinmarketcap.com/currencies/band-protocol/,https://coinmarketcap.com/currencies/band-protocol/historical-data,github.com/bandprotocol
160,Biconomy,BICO,https://coinmarketcap.com/currencies/biconomy/,https://coinmarketcap.com/currencies/biconomy/historical-data,github.com/bcnmy
161,Harmony,ONE,https://coinmarketcap.com/currencies/harmony/,https://coinmarketcap.com/currencies/harmony/historical-data,github.com/harmony-one
162,WAX,WAXP,https://coinmarketcap.com/currencies/wax/,https://coinmarketcap.com/currencies/wax/historical-data,github.com/worldwide-asset-exchange/
163,SushiSwap,SUSHI,https://coinmarketcap.com/currencies/sushiswap/,https://coinmarketcap.com/currencies/sushiswap/historical-data,github.com/sushiswap/sushiswap
164,Axelar,AXL,https://coinmarketcap.com/currencies/axelar/,https://coinmarketcap.com/currencies/axelar/historical-data,github.com/axelarnetwork
165,IoTeX,IOTX,https://coinmarketcap.com/currencies/iotex/,https://coinmarketcap.com/currencies/iotex/historical-data,github.com/iotexproject/iotex-core
166,MAGIC,MAGIC,https://coinmarketcap.com/currencies/magic-token/,https://coinmarketcap.com/currencies/magic-token/historical-data,github.com/TreasureProject/
167,Merit Circle,MC,https://coinmarketcap.com/currencies/merit-circle/,https://coinmarketcap.com/currencies/merit-circle/historical-data,
168,TerraClassicUSD,USTC,https://coinmarketcap.com/currencies/terrausd/,https://coinmarketcap.com/currencies/terrausd/historical-data,github.com/terra-project
169,Kadena,KDA,https://coinmarketcap.com/currencies/kadena/,https://coinmarketcap.com/currencies/kadena/historical-data,github.com/kadena-io/chainweb-node
170,UniBot,UNIBOT,https://coinmarketcap.com/currencies/unibot-eth/,https://coinmarketcap.com/currencies/unibot-eth/historical-data,
171,BORA,BORA,https://coinmarketcap.com/currencies/bora/,https://coinmarketcap.com/currencies/bora/historical-data,
172,Nervos Network,CKB,https://coinmarketcap.com/currencies/nervos-network/,https://coinmarketcap.com/currencies/nervos-network/historical-data,github.com/nervosnetwork/rfcs/blob/master/rfcs/0002-ckb/0002-ckb.md
173,DigiByte,DGB,https://coinmarketcap.com/currencies/digibyte/,https://coinmarketcap.com/currencies/digibyte/historical-data,github.com/DigiByte-Core
174,Stargate Finance,STG,https://coinmarketcap.com/currencies/stargate-finance/,https://coinmarketcap.com/currencies/stargate-finance/historical-data,
175,DAO Maker,DAO,https://coinmarketcap.com/currencies/dao-maker/,https://coinmarketcap.com/currencies/dao-maker/historical-data,github.com/daomaker
176,MobileCoin,MOB,https://coinmarketcap.com/currencies/mobilecoin/,https://coinmarketcap.com/currencies/mobilecoin/historical-data,github.com/mobilecoinfoundation/mobilecoin
177,Ribbon Finance,RBN,https://coinmarketcap.com/currencies/ribbon-finance/,https://coinmarketcap.com/currencies/ribbon-finance/historical-data,github.com/ribbon-finance
178,Core,CORE,https://coinmarketcap.com/currencies/core-dao/,https://coinmarketcap.com/currencies/core-dao/historical-data,
179,SKALE,SKL,https://coinmarketcap.com/currencies/skale-network/,https://coinmarketcap.com/currencies/skale-network/historical-data,github.com/skalenetwork
180,Flux,FLUX,https://coinmarketcap.com/currencies/zel/,https://coinmarketcap.com/currencies/zel/historical-data,github.com/runonflux
181,UMA,UMA,https://coinmarketcap.com/currencies/uma/,https://coinmarketcap.com/currencies/uma/historical-data,github.com/UMAprotocol/whitepaper
182,Horizen,ZEN,https://coinmarketcap.com/currencies/horizen/,https://coinmarketcap.com/currencies/horizen/historical-data,github.com/HorizenOfficial
183,Galxe,GAL,https://coinmarketcap.com/currencies/galxe/,https://coinmarketcap.com/currencies/galxe/historical-data,
184,Reserve Rights,RSR,https://coinmarketcap.com/currencies/reserve-rights/,https://coinmarketcap.com/currencies/reserve-rights/historical-data,github.com/reserve-protocol
185,TomoChain,TOMO,https://coinmarketcap.com/currencies/tomochain/,https://coinmarketcap.com/currencies/tomochain/historical-data,github.com/tomochain/
186,Everscale,EVER,https://coinmarketcap.com/currencies/everscale/,https://coinmarketcap.com/currencies/everscale/historical-data,github.com/tonlabs/ever-sdk
187,STP,STPT,https://coinmarketcap.com/currencies/standard-tokenization-protocol/,https://coinmarketcap.com/currencies/standard-tokenization-protocol/historical-data,
188,Lisk,LSK,https://coinmarketcap.com/currencies/lisk/,https://coinmarketcap.com/currencies/lisk/historical-data,github.com/LiskHQ/
189,Nano,XNO,https://coinmarketcap.com/currencies/nano/,https://coinmarketcap.com/currencies/nano/historical-data,github.com/nanocurrency
190,Storj,STORJ,https://coinmarketcap.com/currencies/storj/,https://coinmarketcap.com/currencies/storj/historical-data,github.com/storj/storj
191,Alchemy Pay,ACH,https://coinmarketcap.com/currencies/alchemy-pay/,https://coinmarketcap.com/currencies/alchemy-pay/historical-data,github.com/Alchemy-GPS
192,Kyber Network Crystal v2,KNC,https://coinmarketcap.com/currencies/kyber-network-crystal-v2/,https://coinmarketcap.com/currencies/kyber-network-crystal-v2/historical-data,github.com/kybernetwork
193,Cartesi,CTSI,https://coinmarketcap.com/currencies/cartesi/,https://coinmarketcap.com/currencies/cartesi/historical-data,github.com/cartesi
194,Celer Network,CELR,https://coinmarketcap.com/currencies/celer-network/,https://coinmarketcap.com/currencies/celer-network/historical-data,github.com/celer-network
195,PlayDapp,PLA,https://coinmarketcap.com/currencies/playdapp/,https://coinmarketcap.com/currencies/playdapp/historical-data,github.com/playdapp
196,Pundi X (New),PUNDIX,https://coinmarketcap.com/currencies/pundix-new/,https://coinmarketcap.com/currencies/pundix-new/historical-data,
197,Vulcan Forged PYR,PYR,https://coinmarketcap.com/currencies/vulcan-forged-pyr/,https://coinmarketcap.com/currencies/vulcan-forged-pyr/historical-data,
198,Status,SNT,https://coinmarketcap.com/currencies/status/,https://coinmarketcap.com/currencies/status/historical-data,github.com/status-im
199,Amp,AMP,https://coinmarketcap.com/currencies/amp/,https://coinmarketcap.com/currencies/amp/historical-data,github.com/amptoken
