,CurrencyId,Contributor
0,1,https://github.com/Empact
1,1,https://github.com/Sjors
2,1,https://github.com/jamesob
3,1,https://github.com/laanwj
4,1,https://github.com/sipsorcery
5,1,https://github.com/kallewoof
6,1,https://github.com/theuni
7,1,https://github.com/sipa
8,1,https://github.com/adamjonas
9,1,https://github.com/fanquake
10,1,https://github.com/jnewbery
11,1,https://github.com/luke-jr
12,1,https://github.com/pinheadmz
13,1,https://github.com/promag
14,1,https://github.com/achow101
15,1,https://github.com/morcos
16,1,https://github.com/furszy
17,1,https://github.com/instagibbs
18,1,https://github.com/MarcoFalke
19,1,https://github.com/sdaftuar
20,2,https://github.com/janx
21,2,https://github.com/axic
22,2,https://github.com/maran
23,2,https://github.com/pirapira
24,2,https://github.com/kvbik
25,2,https://github.com/evertonfraga
26,2,https://github.com/nonsense
27,2,https://github.com/ulope
28,2,https://github.com/christianparpart
29,2,https://github.com/mohamedmansour
30,2,https://github.com/virgil
31,2,https://github.com/ligi
32,2,https://github.com/karalabe
33,2,https://github.com/cameel
34,2,https://github.com/wanderer
35,2,https://github.com/xcthulhu
36,2,https://github.com/alcuadrado
37,2,https://github.com/iurimatias
38,2,https://github.com/hugo-dc
39,2,https://github.com/r0qs
40,5,https://github.com/JoelKatz
41,5,https://github.com/thejohnfreeman
42,8,https://github.com/chromatic
43,8,https://github.com/patricklodder
44,8,https://github.com/langerhans
45,8,https://github.com/michilumin
46,8,https://github.com/xanimo
47,9,https://github.com/ryoqun
48,9,https://github.com/Reisen
49,9,https://github.com/sakridge
50,9,https://github.com/aeyakovenko
51,9,https://github.com/jstarry
52,9,https://github.com/mvines
53,9,https://github.com/rajgokal
54,9,https://github.com/yihau
55,9,https://github.com/kumailn
56,9,https://github.com/harshasomisetty
57,9,https://github.com/A2nkF
58,11,https://github.com/ascjones
59,11,https://github.com/andresilva
60,11,https://github.com/gavofyork
61,11,https://github.com/cmichi
62,11,https://github.com/jeluard
63,11,https://github.com/stiiifff
64,11,https://github.com/peetzweg
65,11,https://github.com/eskimor
66,11,https://github.com/rcny
67,11,https://github.com/athei
68,11,https://github.com/NikVolf
69,11,https://github.com/gabreal
70,11,https://github.com/ordian
71,11,https://github.com/hamidra
72,11,https://github.com/gautamdhameja
73,11,https://github.com/wirednkod
74,11,https://github.com/bkchr
75,11,https://github.com/sorpaas
76,11,https://github.com/davxy
77,11,https://github.com/Robbepop
78,13,https://github.com/vcastellm
79,13,https://github.com/nivida
80,13,https://github.com/maxsam4
81,13,https://github.com/sandeepnailwal
82,13,https://github.com/gatsbyz
83,13,https://github.com/IdrisHanafi
84,13,https://github.com/nervehammer
85,13,https://github.com/rahuldamodar94
86,13,https://github.com/ankitboghra
87,13,https://github.com/sakshamtaneja21
88,13,https://github.com/nitinmittal23
89,13,https://github.com/pratikspatil024
90,13,https://github.com/DhairyaSethi
91,13,https://github.com/sh3ll3x3c
92,13,https://github.com/ZeroEkkusu
93,13,https://github.com/C001-developer
94,14,https://github.com/tolya-yanot
95,14,https://github.com/EmelyanenkoK
96,14,https://github.com/SpyCheese
97,14,https://github.com/igroman787
98,14,https://github.com/sonofmom
99,14,https://github.com/LetikGit
100,14,https://github.com/neodiX42
101,14,https://github.com/fcloser
102,14,https://github.com/andreypfau
103,14,https://github.com/kdimentionaltree
104,14,https://github.com/dungeon-master-666
105,14,https://github.com/Trinketer22
106,14,https://github.com/dreliass
107,15,https://github.com/wtogami
108,15,https://github.com/ultragtx
109,15,https://github.com/wangxinxi
110,15,https://github.com/coblee
111,15,https://github.com/pooler
112,15,https://github.com/losh11
113,15,https://github.com/thrasher-
114,15,https://github.com/shaolinfry
115,15,https://github.com/DavidBurkett
116,21,https://github.com/fnando
117,21,https://github.com/namankumar
118,21,https://github.com/leighmcculloch
119,21,https://github.com/heynenm
120,21,https://github.com/willemneal
121,21,https://github.com/ire-and-curses
122,21,https://github.com/accordeiro
123,21,https://github.com/dreking
124,22,https://github.com/sdrug
125,22,https://github.com/tyrion70
126,22,https://github.com/essamhassan
127,22,https://github.com/willyrgf
128,22,https://github.com/raviriley
129,22,https://github.com/thodges-gh
130,22,https://github.com/BrianTillman
131,22,https://github.com/RodrigoAD
132,22,https://github.com/justinkaseman
133,22,https://github.com/Alkhara
134,22,https://github.com/needalight
135,23,https://github.com/gipsy86147
136,23,https://github.com/JohnAmican
137,23,https://github.com/ionutRD
138,23,https://github.com/jgiles
139,23,https://github.com/cmaher
140,23,https://github.com/bmperrea
141,23,https://github.com/archiemcquaid
142,23,https://github.com/gumdelli
143,28,https://github.com/aaronc
144,28,https://github.com/zmanian
145,28,https://github.com/romac
146,28,https://github.com/mark-rushakoff
147,28,https://github.com/dimiandre
148,28,https://github.com/sunnya97
149,28,https://github.com/Shella
150,28,https://github.com/misko9
151,28,https://github.com/webmaster128
152,28,https://github.com/damiannolan
153,28,https://github.com/agouin
154,28,https://github.com/faddat
155,28,https://github.com/jackzampolin
156,28,https://github.com/ryanchristo
157,28,https://github.com/mariapao
158,28,https://github.com/jleni
159,28,https://github.com/facundomedica
160,28,https://github.com/AdityaSripal
161,28,https://github.com/greg-szabo
162,28,https://github.com/tac0turtle
163,29,https://github.com/mikeyb
164,29,https://github.com/phyro
165,29,https://github.com/marcusrbrown
166,29,https://github.com/BelfordZ
167,29,https://github.com/bobsummerwill
168,29,https://github.com/kimisan
169,29,https://github.com/pyskell
170,29,https://github.com/whilei
171,29,https://github.com/realcodywburns
172,29,https://github.com/realroyzou
173,29,https://github.com/TheCrowbill
174,29,https://github.com/developerkevin
175,29,https://github.com/Athethepainter
176,29,https://github.com/meowsbits
177,29,https://github.com/TheEnthusiasticAs
178,29,https://github.com/gitr0n1n
179,30,https://github.com/jascks
180,30,https://github.com/nickpoorman
181,30,https://github.com/kimbor
182,30,https://github.com/leninmehedy
183,30,https://github.com/timo0
184,30,https://github.com/tannerjfco
185,30,https://github.com/jasperpotts
186,30,https://github.com/imalygin
187,30,https://github.com/rbair23
188,30,https://github.com/nathanklick
189,30,https://github.com/RobinCK
190,30,https://github.com/steven-sheehy
191,30,https://github.com/lpetrovic05
192,30,https://github.com/michielmulders
193,30,https://github.com/artemananiev
194,30,https://github.com/qnswirlds
195,30,https://github.com/Neeharika-Sompalli
196,30,https://github.com/theekrystallee
197,30,https://github.com/poulok
198,30,https://github.com/mgoelswirlds
199,31,https://github.com/chmllr
200,31,https://github.com/dsarlis
201,31,https://github.com/bitdivine
202,31,https://github.com/smallstepman
203,31,https://github.com/sasa-tomic
204,31,https://github.com/dist1ll
205,31,https://github.com/Dfinity-Bjoern
206,31,https://github.com/nikola-milosa
207,32,https://github.com/juliangruber
208,32,https://github.com/nonsense
209,32,https://github.com/BigLep
210,32,https://github.com/davidad
211,32,https://github.com/jbenet
212,32,https://github.com/alanshaw
213,32,https://github.com/travisperson
214,32,https://github.com/masih
215,32,https://github.com/Stebalien
216,32,https://github.com/hugomrdias
217,32,https://github.com/anorth
218,32,https://github.com/rvagg
219,32,https://github.com/jsoares
220,32,https://github.com/raulk
221,32,https://github.com/whyrusleeping
222,32,https://github.com/jesseclay
223,32,https://github.com/DiegoRBaquero
224,32,https://github.com/nikkolasg
225,32,https://github.com/george-haddad
226,32,https://github.com/vvkio
227,34,https://github.com/ujenjt
228,34,https://github.com/folkyatina
229,34,https://github.com/skozin
230,34,https://github.com/pr0n00gler
231,34,https://github.com/F4ever
232,34,https://github.com/eddort
233,34,https://github.com/TonyCoopeR-62
234,38,https://github.com/fionnachan
235,38,https://github.com/spsjvc
236,38,https://github.com/kakia89
237,38,https://github.com/joshuacolvin0
238,38,https://github.com/GreatSoshiant
239,38,https://github.com/Tristan-Wilson
240,38,https://github.com/gzeoneth
241,39,https://github.com/qianbin
242,39,https://github.com/libotony
243,40,https://github.com/ilblackdragon
244,40,https://github.com/frol
245,40,https://github.com/evgenykuzyakov
246,40,https://github.com/mikedotexe
247,40,https://github.com/utka
248,40,https://github.com/Kouprin
249,40,https://github.com/heycorwin
250,40,https://github.com/abacabadabacaba
251,40,https://github.com/ailisp
252,40,https://github.com/bowenwang1996
253,40,https://github.com/birchmd
254,40,https://github.com/Patrick1904
255,40,https://github.com/mfornet
256,41,https://github.com/nickbalestra
257,41,https://github.com/sebastianst
258,41,https://github.com/spacesailor24
259,41,https://github.com/JSeiferth
260,41,https://github.com/felipe-op
261,43,https://github.com/xmc2
262,43,https://github.com/joshstevens19
263,43,https://github.com/donosonaumczuk
264,43,https://github.com/sasicodes
265,44,https://github.com/schmidsi
266,44,https://github.com/fubhy
267,44,https://github.com/snario
268,44,https://github.com/pcarranzav
269,44,https://github.com/chriswessels
270,44,https://github.com/Theodus
271,44,https://github.com/enisdenjo
272,44,https://github.com/neysofu
273,44,https://github.com/anirudh2
274,44,https://github.com/dimitrovmaksim
275,44,https://github.com/ardatan
276,44,https://github.com/brandonleekramer
277,44,https://github.com/saihaj
278,44,https://github.com/YassinEldeeb
279,44,https://github.com/seanmooretechwriter
280,45,https://github.com/winder
281,45,https://github.com/jasonpaulos
282,46,https://github.com/AnilChinchawale
283,51,https://github.com/diwakergupta
284,51,https://github.com/lgalabru
285,51,https://github.com/moodmosaic
286,51,https://github.com/jcnelson
287,51,https://github.com/larrysalibra
288,51,https://github.com/muneeb-ali
289,51,https://github.com/jeffdoms
290,51,https://github.com/shea256
291,51,https://github.com/kantai
292,51,https://github.com/zone117x
293,51,https://github.com/kyranjamie
294,51,https://github.com/CharlieC3
295,51,https://github.com/GinaAbrams
296,51,https://github.com/cylewitruk
297,53,https://github.com/DenisCarriere
298,53,https://github.com/fcecin
299,53,https://github.com/mikelik
300,53,https://github.com/heifner
301,53,https://github.com/systemzax
302,53,https://github.com/arhag
303,53,https://github.com/oschwaldp-oci
304,53,https://github.com/spoonincode
305,53,https://github.com/tedcahalleos
306,53,https://github.com/Lilbansheemebe
307,53,https://github.com/stephenpdeos
308,53,https://github.com/linh2931
309,54,https://github.com/weiribao
310,54,https://github.com/jieyilong
311,56,https://github.com/gorgos
312,56,https://github.com/nmarcetic
313,56,https://github.com/albertchon
314,56,https://github.com/vinhphuctadang
315,56,https://github.com/Ri-go
316,57,https://github.com/vorot93
317,57,https://github.com/andrecronje
318,57,https://github.com/MKong
319,57,https://github.com/Mike-CZ
320,57,https://github.com/gelfand
321,58,https://github.com/proapi
322,59,https://github.com/eordano
323,59,https://github.com/abarmat
324,59,https://github.com/2fd
325,59,https://github.com/menduz
326,59,https://github.com/yemel
327,59,https://github.com/pravusjif
328,59,https://github.com/cazala
329,59,https://github.com/nearnshaw
330,59,https://github.com/moliva
331,59,https://github.com/pbosio
332,59,https://github.com/davidejensen
333,59,https://github.com/ginocingolani
334,59,https://github.com/agusaldasoro
335,59,https://github.com/andyesp
336,59,https://github.com/kuruk-mm
337,59,https://github.com/lauti7
338,59,https://github.com/olavra
339,59,https://github.com/ncomerci
340,63,https://github.com/gipsy86147
341,63,https://github.com/JohnAmican
342,63,https://github.com/ionutRD
343,63,https://github.com/jgiles
344,63,https://github.com/cmaher
345,63,https://github.com/bmperrea
346,63,https://github.com/archiemcquaid
347,63,https://github.com/gumdelli
348,64,https://github.com/lightszero
349,64,https://github.com/djnicholson
350,64,https://github.com/shargon
351,64,https://github.com/chenzhitong
352,64,https://github.com/AshRolls
353,64,https://github.com/snowypowers
354,64,https://github.com/steven1227
355,64,https://github.com/erikzhang
356,64,https://github.com/belane
357,64,https://github.com/vncoelho
358,64,https://github.com/lllwvlvwlll
359,64,https://github.com/longfeiWan9
360,64,https://github.com/superboyiii
361,64,https://github.com/Lichen9618
362,65,https://github.com/thorchain-admin
363,66,https://github.com/nddeluca
364,66,https://github.com/rhuairahrighairidh
365,66,https://github.com/karzak
366,66,https://github.com/pirtleshell
367,66,https://github.com/drklee3
368,67,https://github.com/gipsy86147
369,67,https://github.com/JohnAmican
370,67,https://github.com/ionutRD
371,67,https://github.com/jgiles
372,67,https://github.com/cmaher
373,67,https://github.com/bmperrea
374,67,https://github.com/archiemcquaid
375,67,https://github.com/gumdelli
376,69,https://github.com/deadalnix
377,70,https://github.com/turbolent
378,70,https://github.com/gregsantos
379,70,https://github.com/zhangchiqing
380,70,https://github.com/ramtinms
381,70,https://github.com/chasefleming
382,70,https://github.com/Kay-Zee
383,70,https://github.com/durkmurder
384,70,https://github.com/joshuahannan
385,70,https://github.com/SupunS
386,70,https://github.com/jordanschalm
387,70,https://github.com/JeffreyDoyle
388,70,https://github.com/nvdtf
389,70,https://github.com/laynelafrance
390,70,https://github.com/DylanTinianov
391,70,https://github.com/j1010001
392,70,https://github.com/AlexHentschel
393,70,https://github.com/fxamacker
394,70,https://github.com/sideninja
395,71,https://github.com/darrenlangley
396,71,https://github.com/jclapis
397,71,https://github.com/darcius
398,71,https://github.com/kanewallmann
399,74,https://github.com/bitaholic
400,74,https://github.com/nohkwak
401,74,https://github.com/smseo
402,74,https://github.com/KimKyungup
403,74,https://github.com/aidan-kwon
404,74,https://github.com/circleci-klaytn
405,74,https://github.com/neoofklaytn
406,76,https://github.com/samkazemian
407,76,https://github.com/0xJM
408,77,https://github.com/luca-moser
409,77,https://github.com/kwek20
410,77,https://github.com/karimodm
411,77,https://github.com/thibault-martinez
412,77,https://github.com/begonaalvarezd
413,77,https://github.com/anistark
414,77,https://github.com/alexsporn
415,77,https://github.com/domschiener
416,77,https://github.com/samuel-rufi
417,77,https://github.com/howjmay
418,77,https://github.com/rajivshah3
419,77,https://github.com/abdulmth
420,77,https://github.com/lzpap
421,77,https://github.com/Thoralf-M
422,80,https://github.com/after-ephemera
423,80,https://github.com/wriches
424,80,https://github.com/mwtian
425,82,https://github.com/twilmoth
426,82,https://github.com/jeanetteliu
427,83,https://github.com/philippe-git
428,83,https://github.com/charlie-eth
429,83,https://github.com/bneiluj
430,83,https://github.com/skellet0r
431,83,https://github.com/iamdefinitelyahuman
432,84,https://github.com/Pana
433,85,https://github.com/tizoc
434,85,https://github.com/bkase
435,85,https://github.com/joseandro
436,85,https://github.com/imeckler
437,85,https://github.com/georgeee
438,85,https://github.com/kantp
439,85,https://github.com/mrmr1993
440,85,https://github.com/simisimis
441,85,https://github.com/psteckler
442,85,https://github.com/joaosreis
443,85,https://github.com/QuiteStochastic
444,85,https://github.com/shimkiv
445,85,https://github.com/jspada
446,85,https://github.com/rbonichon
447,85,https://github.com/nholland94
448,85,https://github.com/dannywillems
449,85,https://github.com/Sventimir
450,85,https://github.com/ghost-not-in-the-shell
451,85,https://github.com/MartinMinkov
452,85,https://github.com/kaozenn
453,87,https://github.com/alecande11
454,87,https://github.com/Jared-TFL
455,98,https://github.com/segfaultxavi
456,98,https://github.com/alenabelium
457,98,https://github.com/AvbrehtLuka
458,99,https://github.com/akru
459,99,https://github.com/gluneau
460,99,https://github.com/Dinonard
461,99,https://github.com/satellitex
462,99,https://github.com/shaunxw
463,99,https://github.com/t8m8
464,99,https://github.com/ashutoshvarma
465,99,https://github.com/shunsukew
466,99,https://github.com/Maar-io
467,99,https://github.com/PierreOssun
468,99,https://github.com/fiexer
469,99,https://github.com/hoonsubin
470,99,https://github.com/impelcrypto
471,99,https://github.com/andabak
472,100,https://github.com/shumkov
473,100,https://github.com/PastaPastaPasta
474,100,https://github.com/Syn-McJ
475,100,https://github.com/pauldelucia
476,104,https://github.com/rosmcmahon
477,104,https://github.com/ldmberman
478,104,https://github.com/hlolli
479,104,https://github.com/cedriking
480,106,https://github.com/matevz
481,106,https://github.com/kostko
482,106,https://github.com/nhynes
483,106,https://github.com/tjanez
484,106,https://github.com/ptrus
485,106,https://github.com/lukaw3d
486,106,https://github.com/amela
487,106,https://github.com/CedarMist
488,107,https://github.com/lrnt
489,107,https://github.com/koeppelmann
490,107,https://github.com/samepant
491,108,https://github.com/bbondy
492,108,https://github.com/bsclifton
493,108,https://github.com/porteron
494,108,https://github.com/kdenhartog
495,110,https://github.com/k06a
496,110,https://github.com/ZumZoom
497,110,https://github.com/deacix
498,110,https://github.com/artall64
499,110,https://github.com/podkovyrin
500,110,https://github.com/vbrvk
501,110,https://github.com/galekseev
502,110,https://github.com/EnoRage
503,110,https://github.com/aarifkhamdi
504,110,https://github.com/frolovdev
505,110,https://github.com/nikmel2803
506,110,https://github.com/krboktv
507,110,https://github.com/prazd
508,110,https://github.com/jeyldii
509,110,https://github.com/ko1ebayev
510,112,https://github.com/bramcohen
511,112,https://github.com/justinengland
512,112,https://github.com/hoffmang9
513,114,https://github.com/mkrufky
514,114,https://github.com/yograterol
515,114,https://github.com/Dexaran
516,114,https://github.com/yuriy77k
517,114,https://github.com/spatialiste
518,115,https://github.com/madninja
519,115,https://github.com/Vagabond
520,115,https://github.com/PharkMillups
521,115,https://github.com/amirhaleem
522,115,https://github.com/kent-williams
523,115,https://github.com/macpie
524,115,https://github.com/allenan
525,115,https://github.com/lthiery
526,115,https://github.com/JayKickliter
527,115,https://github.com/vihu
528,115,https://github.com/PeterMain
529,115,https://github.com/BeauGrotins
530,115,https://github.com/vicmgs
531,115,https://github.com/cokes518
532,115,https://github.com/FrankDaTank3
533,115,https://github.com/jdgemm
534,115,https://github.com/ekmurray
535,115,https://github.com/JakeSwinn
536,117,https://github.com/makoto
537,117,https://github.com/Arachnid
538,117,https://github.com/jefflau
539,117,https://github.com/LeonmanRolls
540,117,https://github.com/mdtanrikulu
541,117,https://github.com/decanus
542,117,https://github.com/lucemans
543,117,https://github.com/gskril
544,117,https://github.com/futurealisha
545,118,https://github.com/0x6861746366574
546,119,https://github.com/h4x3rotab
547,119,https://github.com/wilsonmeier
548,120,https://github.com/pennachin
549,120,https://github.com/ngeiswei
550,120,https://github.com/vsbogd
551,120,https://github.com/leungmanhin
552,120,https://github.com/glicerico
553,120,https://github.com/raamb
554,120,https://github.com/kiruxaspb
555,120,https://github.com/Timekiller7
556,122,https://github.com/xiaok
557,122,https://github.com/nykma
558,122,https://github.com/yisiliu
559,122,https://github.com/hominluo
560,122,https://github.com/Jack-Works
561,122,https://github.com/Tedko
562,122,https://github.com/himself65
563,122,https://github.com/hmqgg
564,122,https://github.com/Erreth-Akbe
565,122,https://github.com/guanbinrui
566,123,https://github.com/marekolszewski
567,123,https://github.com/aaronmgdr
568,123,https://github.com/jcortejoso
569,123,https://github.com/bayological
570,123,https://github.com/Jesse-Sawa
571,123,https://github.com/0xarthurxyz
572,124,https://github.com/weiribao
573,124,https://github.com/jieyilong
574,125,https://github.com/jcvernaleo
575,125,https://github.com/R3VoLuT1OneR
576,125,https://github.com/dnldd
577,125,https://github.com/jrick
578,125,https://github.com/kevinstl
579,125,https://github.com/matheusd
580,125,https://github.com/rstaudt2
581,125,https://github.com/davecgh
582,125,https://github.com/thi4go
583,125,https://github.com/dajohi
584,125,https://github.com/marcopeereboom
585,125,https://github.com/alexlyp
586,125,https://github.com/sefbkn
587,125,https://github.com/jzbz
588,125,https://github.com/fguisso
589,125,https://github.com/peterzen
590,125,https://github.com/buck54321
591,125,https://github.com/jholdstock
592,125,https://github.com/behindtext
593,125,https://github.com/kyleFirethought
594,126,https://github.com/kaymomin
595,128,https://github.com/jonator
596,128,https://github.com/niccoloraspa
597,128,https://github.com/ValarDragon
598,128,https://github.com/faddat
599,128,https://github.com/daniel-farina
600,128,https://github.com/nghuyenthevinh2000
601,128,https://github.com/IbrarMakaveli
602,128,https://github.com/delivan
603,128,https://github.com/p0mvn
604,128,https://github.com/czarcas7ic
605,128,https://github.com/dogemos
606,128,https://github.com/mattverse
607,128,https://github.com/vuong177
608,128,https://github.com/puneet2019
609,128,https://github.com/UnityChaos
610,129,https://github.com/trentmc
611,129,https://github.com/alexcos20
612,129,https://github.com/bogdanfazakas
613,129,https://github.com/brucepon
614,129,https://github.com/jamiehewitt15
615,129,https://github.com/daneklustig
616,129,https://github.com/KatunaNorbert
617,129,https://github.com/mariacarmina
618,129,https://github.com/idiom-bytes
619,129,https://github.com/AnaLoznianu
620,130,https://github.com/andrecronje
621,130,https://github.com/fubuloubu
622,130,https://github.com/banteg
623,130,https://github.com/kx9x
624,130,https://github.com/antonnell
625,130,https://github.com/karelianpie
626,131,https://github.com/dob
627,131,https://github.com/iameli
628,131,https://github.com/ericxtang
629,131,https://github.com/adamsoffer
630,131,https://github.com/victorges
631,131,https://github.com/hjpotter92
632,131,https://github.com/yondonfu
633,131,https://github.com/ecmulli
634,131,https://github.com/0xcadams
635,131,https://github.com/f1l1b0x
636,131,https://github.com/gioelecerati
637,131,https://github.com/suhailkakar
638,131,https://github.com/pglowacky
639,132,https://github.com/zippy
640,132,https://github.com/artbrock
641,132,https://github.com/maackle
642,132,https://github.com/steveej
643,132,https://github.com/zo-el
644,137,https://github.com/5A11
645,137,https://github.com/ejfitzgerald
646,137,https://github.com/Jonathansumner
647,137,https://github.com/Archento
648,137,https://github.com/Atari-buzzk1LL
649,139,https://github.com/phearnot
650,139,https://github.com/alexeykiselev
651,139,https://github.com/vladislavpetushkov
652,139,https://github.com/msmolyakov
653,139,https://github.com/vsuharnikov
654,139,https://github.com/vba2000
655,139,https://github.com/ebceu4
656,139,https://github.com/DrBlast
657,139,https://github.com/pivoo81
658,139,https://github.com/ismagin
659,139,https://github.com/deemru
660,139,https://github.com/dvshur
661,139,https://github.com/ivan-mashonskiy
662,139,https://github.com/OlyaKanishcheva
663,139,https://github.com/nickeskov
664,139,https://github.com/xrtm000
665,139,https://github.com/GIvanovWaves
666,139,https://github.com/Vusal27
667,139,https://github.com/jahsus-waves
668,139,https://github.com/devyatkinalexandr
669,140,https://github.com/prekucki
670,140,https://github.com/cryptobench
671,145,https://github.com/mhluongo
672,145,https://github.com/cygnusv
673,145,https://github.com/theref
674,145,https://github.com/pdyraga
675,145,https://github.com/nkuba
676,145,https://github.com/lukasz-zimnoch
677,145,https://github.com/derekpierre
678,145,https://github.com/manumonti
679,145,https://github.com/piotr-roslaniec
680,145,https://github.com/sashatanase
681,146,https://github.com/sink772
682,146,https://github.com/yakkle
683,146,https://github.com/windies21
684,146,https://github.com/JINWOO-J
685,146,https://github.com/extendjh
686,146,https://github.com/cwkwak
687,146,https://github.com/hyerim-kim
688,146,https://github.com/BK-winDy-icon
689,146,https://github.com/inwonkim
690,146,https://github.com/tardis-icon
691,146,https://github.com/ckhong1
692,146,https://github.com/goldworm-icon
693,146,https://github.com/lyj01702
694,146,https://github.com/jake1204
695,146,https://github.com/hkshin1
696,146,https://github.com/jinyyo
697,146,https://github.com/mksong76
698,146,https://github.com/eunsoo-icon
699,146,https://github.com/hijung-icon
700,146,https://github.com/gonryu
701,147,https://github.com/shawntabrizi
702,147,https://github.com/wpank
703,147,https://github.com/ddorgan
704,147,https://github.com/fabiangompf
705,148,https://github.com/peterjan
706,148,https://github.com/alexfreska
707,148,https://github.com/lukechampine
708,148,https://github.com/ChrisSchinnerl
709,148,https://github.com/n8maninger
710,148,https://github.com/chris124567
711,148,https://github.com/stevefunk
712,149,https://github.com/m1guelpf
713,149,https://github.com/sid-wc
714,151,https://github.com/alecande11
715,151,https://github.com/Jared-TFL
716,154,https://github.com/dekz
717,154,https://github.com/Ktl-XV
718,154,https://github.com/hzhu
719,154,https://github.com/RantumBits
720,154,https://github.com/tobernguyen
721,154,https://github.com/abandeali1
722,154,https://github.com/bakabhai993
723,154,https://github.com/barskhianfannie
724,154,https://github.com/joshrrose
725,154,https://github.com/ashwin0xproject
726,156,https://github.com/Honglei-Cong
727,156,https://github.com/JasonZhouPW
728,156,https://github.com/qingche123
729,160,https://github.com/smiled0g
730,160,https://github.com/sorawit
731,160,https://github.com/prin-r
732,160,https://github.com/Kissadada
733,160,https://github.com/pzshine
734,160,https://github.com/taobun
735,160,https://github.com/warittornc
736,162,https://github.com/lijiang2087
737,163,https://github.com/includenull
738,163,https://github.com/hir0min
739,164,https://github.com/matthewlilley
740,164,https://github.com/LufyCZ
741,164,https://github.com/sarangparikh22
742,164,https://github.com/chillichelli
743,165,https://github.com/alanrsoares
744,166,https://github.com/millken
745,166,https://github.com/guo
746,166,https://github.com/raullenchai
747,166,https://github.com/saitofun
748,166,https://github.com/xianhuawei
749,166,https://github.com/zanyfly
750,166,https://github.com/simonerom
751,166,https://github.com/uu-z
752,166,https://github.com/dustinxie
753,166,https://github.com/anshuomomo
754,166,https://github.com/hunshenshi
755,166,https://github.com/Jevin-F
756,166,https://github.com/xiaoxiunique
757,166,https://github.com/huangzhiran
758,166,https://github.com/mortalrru
759,166,https://github.com/koseoyoung
760,166,https://github.com/envestcc
761,166,https://github.com/DLHTX
762,166,https://github.com/loriIoTeX
763,166,https://github.com/iloveyou-github
764,167,https://github.com/karelvuong
765,170,https://github.com/alber70g
766,170,https://github.com/ash-vd
767,170,https://github.com/emilypi
768,170,https://github.com/jmcardon
769,170,https://github.com/rsoeldner
770,170,https://github.com/coolio-coder
771,173,https://github.com/janx
772,173,https://github.com/quake
773,173,https://github.com/doitian
774,173,https://github.com/zhangsoledad
775,174,https://github.com/nseidm1
776,174,https://github.com/ycagel
777,174,https://github.com/gto90
778,174,https://github.com/Sbosvk
779,174,https://github.com/makyurt
780,174,https://github.com/j50ng
781,181,https://github.com/alihm
782,181,https://github.com/w2vy
783,181,https://github.com/sygem
784,181,https://github.com/blondfrogs
785,181,https://github.com/JKTUNING
786,181,https://github.com/TheTrunk
787,181,https://github.com/trial123Zel
788,181,https://github.com/Cabecinha84
789,181,https://github.com/johnhanlon86
790,181,https://github.com/XK4MiLX
791,182,https://github.com/nicholaspai
792,182,https://github.com/mrice32
793,182,https://github.com/chrismaree
794,182,https://github.com/hlambur
795,183,https://github.com/nastenko
796,183,https://github.com/cronicc
797,183,https://github.com/light-fury
798,185,https://github.com/fiddlemath
799,185,https://github.com/akshatmittal
800,186,https://github.com/tunght91
801,186,https://github.com/vinhthenguyen98
802,187,https://github.com/cryshado
803,189,https://github.com/karmacoma
804,189,https://github.com/Nazgolze
805,189,https://github.com/sitetester
806,189,https://github.com/Tschakki
807,189,https://github.com/shuse2
808,189,https://github.com/ManuGowda
809,189,https://github.com/ishantiw
810,189,https://github.com/ClementeSerrano
811,189,https://github.com/maxkordek
812,189,https://github.com/mosmartin
813,189,https://github.com/Phanco
814,189,https://github.com/sameersubudhi
815,189,https://github.com/ikem-legend
816,189,https://github.com/Incede
817,189,https://github.com/mitsuaki-u
818,189,https://github.com/has5aan
819,189,https://github.com/nagdahimanshu
820,191,https://github.com/super3
821,191,https://github.com/jtolio
822,191,https://github.com/egonelbre
823,191,https://github.com/kaloyan-raev
824,191,https://github.com/mobyvb
825,191,https://github.com/ifraixedes
826,191,https://github.com/boshevski
827,191,https://github.com/littleskunk
828,191,https://github.com/amwolff
829,191,https://github.com/ihaid
830,191,https://github.com/profclems
831,191,https://github.com/kristaxox
832,191,https://github.com/VitaliiShpital
833,193,https://github.com/secmask
834,193,https://github.com/hieuvo
835,193,https://github.com/ngtuna
836,193,https://github.com/piavgh
837,193,https://github.com/it4rb
838,193,https://github.com/halink0803
839,193,https://github.com/tungpun
840,193,https://github.com/loiluu
841,193,https://github.com/tranvictor
842,193,https://github.com/aenaus
843,193,https://github.com/hanguyenk
844,193,https://github.com/mr-nmh
845,193,https://github.com/jarvis57
846,193,https://github.com/viet-nv
847,193,https://github.com/lehainam-dev
848,193,https://github.com/nvduc91
849,193,https://github.com/NgoKimPhu
850,193,https://github.com/giangstrider
851,193,https://github.com/cyberliem
852,193,https://github.com/tiendv89
853,194,https://github.com/tuler
854,195,https://github.com/i9
855,195,https://github.com/xiaozhou
856,195,https://github.com/Dominator008
857,199,https://github.com/gravityblast
858,199,https://github.com/zah
859,199,https://github.com/iurimatias
860,199,https://github.com/3esmit
861,199,https://github.com/0x-r4bbit
862,199,https://github.com/carlbennetts
863,199,https://github.com/shinnok
864,199,https://github.com/cammellos
865,199,https://github.com/siphiuel
866,199,https://github.com/dryajov
867,199,https://github.com/richard-ramos
868,199,https://github.com/arnetheduck
869,199,https://github.com/yakimant
870,199,https://github.com/markspanbroek
871,199,https://github.com/jakubgs
872,199,https://github.com/bacv
873,199,https://github.com/rasom
874,199,https://github.com/churik
875,199,https://github.com/caybro
876,199,https://github.com/Samyoul
